id;payment_id;payment_price;payment_gateway_id;payment_date;payment_time;payment_status;source_accout_number;target_account_number;follow_code
1;67631;70601;Applicatio;Verde Cambridgeshire Utah;interfaces;Plastic;AccountXXX;Small prod;Movies JSO
2;72804;27182;withdrawal;XSS Borders Associate;alarm;indexing;Florida Au;Delaware G;Virginia S
3;30509;51668;Central Pr;Gloves;Handcrafted leverage;Consultant blue Legacy;BeninXXXXX;solutions ;WisconsinX
4;68920;1220;navigate F;Swiss;real-time silver;Electronics;mobileXXXX;IB impleme;transformX
5;57534;47020;Response n;Assurance;Cambridgeshire Re-engineered panel;Anguilla;eyeballs i;coherent T;bifurcated
6;99101;90179;deliver Ke;optimize Manat Rubber;(Malvinas) Devolved;intuitive Cove Awesome;Nebraska B;firmware L;systemXXXX
7;778;33506;compelling;input metrics Frozen;port;payment;Keyboard E;Kuna depos;synthesizi
8;63611;40410;SSL Virgin;Intelligent mobile dedicated;Rubber Cheese Account;JSON Chief feed;transmitte;eyeballsXX;Clothing C
9;83246;86841;payment Ru;e-business knowledge strategic;open-source International;Congolese HDD;COM bypass;contentXXX;Card Distr
10;65284;15536;TrailXXXXX;e-services Granite;payment;innovate deposit;Decentrali;Grass-root;scale revo
