id;name;family;national_code;id_number;sex;birth_date;birth_place;person_type;person_photo;secret_code
1;District;matrix;engineXXXX;Group hack;false;fuchsiaXXX;Electronics Intranet;7435;orchid Ecuador Chief;holistic Metrics inp
2;Puerto Practical overriding;Assistant Human;VanuatuXXX;visionary ;true;overriding;Direct;21371;Grocery Facilitator;Fork MoneyXXXXXXXXXX
3;Plastic;Plastic Dollar online;Account de;IntuitiveX;true;ProfoundXX;auxiliary background Avon;10921;Real Cross-group;setXXXXXXXXXXXXXXXXX
4;Incredible seamless Cheese;Mobility;National A;Senior gen;true;Account In;Vista Guatemala;97585;cross-platform;Automated Metal Utah
5;Bacon Solutions deg;methodologies;PrairieXXX;bypassXXXX;false;brand supp;hacking composite;45328;National Music;Representative ADP d
6;mobile;GB Shoes;bypass Erg;black inde;true;Reactive B;Dynamic Director;86202;compelling reboot;system transparent L
7;compress Home;Card;set cross-;CardXXXXXX;false;Accountabi;Delaware;79559;Account;Forges Computer Colo
8;unleash methodical;Licensed Iowa;wireless s;even-keele;true;Pizza port;envisioneer;29353;Shoes payment cohesive;alarm ComputerXXXXXX
9;Buckinghamshire impactful Avon;Factors;transition;Automotive;false;TastyXXXXX;web-readiness teal Forint;27737;compressing platforms;extend Architect opt
10;Summit;hacking Configurable;Cuban bypa;Intuitive ;true;Account Br;program up;34853;ivory indigo;ResearchXXXXXXXXXXXX
